,Unnamed: 0,Ingredient Name,Quantity,Price
0,0,Phool Makhana,100 g - Pouch,₹169
1,1,Gingelly Oil,1 L - Pouch,₹418
2,2,Peanuts/Kadalekayi - Raw,200 g - Pouch,₹40
3,3,Organic - Raw Peanuts,2x1 kg - Multipack,₹428
4,4,Californian Almond - Giri,1 kg - Pouch,₹728
5,5,Moong Dal/Hesaru Bele,1 kg - Pouch,₹172
6,6,Peanuts/Kadalekayi - Raw,1 kg - Pouch,₹174
7,7,Urad Dal/Uddina Bele Whole White,1 kg ,₹186
8,8,Organic Almond,1 kg ,₹1069.1
9,9,Sugar,1 kg ,₹53.48
10,10,Vacuum Evaporated Iodised Salt - Helps Mental Development,1 kg - Pouch,₹25
11,11,Moong Dal/Hesaru Bele,500 g - Pouch,₹80
12,12,Idli/Idly Rice,1 kg ,₹59
13,13,Rice Bran Health Physically Refined Oil,3x1 L - (Multipack),₹346.65
14,14,Phool Makhana,200 g ,₹369
15,15,"Gold Refined Cooking Oil - Blended Rice Bran & Sunflower Oil, Helps Keeps Heart Healthy",1 L - Pet Bottle,₹155
16,16,Extra Virgin Olive Oil - Original,26 kg - Bag,₹1509
17,17,Sona Masoori Steam Rice - 6+ Months Old,5x1 kg - Multipack,₹1608
18,18,Sooji Ordinary/Bombay Rava,2 x 1 L - Multipack,₹285
19,19,High Aroma Cow Ghee,1 kg - Pouch,₹1339.06
20,20,Basmati Rice/Basmati Akki - Feast Rozzana,2 kg - Pouch,₹90
21,21,"Urad Gota - Desi, Unpolished Mature Pulses For Easy Cooking & Rich Flavour",3x1 L - Multipack,₹315.2
22,22,Refined - Sunflower Oil,10 kg - Pouch,₹318
23,23,Superior-Mp-Sharbati-Atta/Godihittu - Fortified,5 kg ,₹489
24,24,White Label Sugar,200 g - Pouch,₹233
25,25,Walnut/Akhrot - Kernels,2x1kg - Multipack,₹295
26,26,"White Thick Poha - High In Fibre, For Breakfast & Evening Tea",200 g - Pouch,₹167
27,27,Chana - Kabuli/Kabuli Kadale,26 kg - Bag,₹39
28,28,Surti Kolam Rice - 12+ Months Old,1 kg - Pouch,₹2298
29,29,Green Moong Whole/Hesaru Kaalu - Sabut,1 kg ,₹142
30,30,Fine Besan/Kadale Hittu - 100% Chana Dal,5 kg ,₹120
31,31,Sugar/Sakkare,3x1L - Multipack,₹265
32,32,Cold Pressed Sunflower Cooking Oil - Cooks Indian Dishes,1 kg - Pouch,₹937.86
33,33,Chana Dal/Kadale Bele,5 kg ,₹121
34,34,Basmati Rice/Basmati Akki - Rozana Super 90,2x1 L - (Multipack),₹349
35,35,"Desi Cow Ghee, Slowly Cooked, Rich Aroma",1 kg - Pouch,₹1538
36,36,Fried Gram/Huri Kadale,2 kg - (12+ Months old),₹153
37,37,Organic - Sona Masoori Raw Rice/Akki,1 kg ,₹133.6
38,38,Kabuli Chana/Kabuli Kadale,2 L ,₹251.23
39,39,Sunlite Refined Sunflower Oil,2 L - Jar,₹252.31
40,40,Gold Multi-Source Edible Oil,5 kg ,₹330
41,41,Organic - Brown Sugar/Sakkare,1 kg - Pouch,₹392
42,42,Urad Dal/Uddina Bele - Split,2 kg ,₹176
43,43,Urad Gota/Whole,500 g ,₹310
44,44,Anjeer/Figs/Atti Hannu,500 g ,₹754
45,45,Organic - Raisins/Ona Drakshi,2 kg - Pouch,₹254
46,46,Moong Dal/Hesaru Bele,1 kg - Pouch,₹267.2
47,47,Filtered Groundnut Oil,1 kg - Pouch,₹191
48,48,Chana - Brown/Kadale Kaalu,5 kg - (6+ Months Old),₹122
49,49,Unpolished Chana Dal,500 g - Jar,₹131
50,50,"Rice/Akki - Raw, Sona Masoori",2 x 1 L - Multipack,₹321
51,51,Powder - Asafoetida,2 x 500 g - Multipack,₹883
52,52,Cold Pressed Pure Mustard Oil,500 gm ,₹432.14
53,53,Unpolished Green Moong Dal - Whole,500 g ,₹149
54,54,Turmeric Powder/Arisina Pudi,5 kg - Bag,₹142.06
55,55,Coriander Seeds/Kottambari Beeja,5 kg ,₹124
56,56,Vadi Matta Rice,500 ml - Pouch,₹304
57,57,Kurnool Sona Masoori Raw Rice - 12 + Months Old,3x1L - Multipack,₹377
58,58,Coconut Oil,10 kg ,₹123
59,59,Cold Pressed Groundnut Cooking Oil - Cooks Indian Dishes,490 ml ,₹940.8
60,60,Whole Wheat Atta,10 kg - Pouch,₹690
61,61,Organic Cow Ghee/Tuppa,2x500 g - Multipack,₹799
62,62,Atta/Godihittu - Chakki Fresh,5x1 kg - Multipack,₹486.77
63,63,Amrit Powdered Jaggery,1 kg - Pouch,₹78
64,64,Maida,1 kg - Pouch,₹265
65,65,100% Pure Premium Cashews Whole,2 kg ,₹1022.58
66,66,Basmati Rice/Basmati Akki - Dubar,1 kg ,₹129
67,67,Rajma Chitra/White,12x1 L - Multipack,₹326.4
68,68,Organic - Cashew/Godambi Whole Bold,2x200 g - Multipack,₹1154.38
69,69,Coconut Oil - 100% Pure,500 ml ,₹3996
70,70,Organic - Pumpkin Seeds,5 kg ,₹404
71,71,Ghee/Tuppa,15 L - Jar,₹314.75
72,72,Refined Sugar (Sulphurless)/Sakkare,3x1 L - Multipack,₹270
73,73,Super Lite Advanced - Sunflower Oil,1 kg ,₹1950
74,74,Refined - Sunflower Oil Pouch,5 kg - Pouch,₹331.5
75,75,Dosa Rice/Akki,200 ml ,₹44
76,76,Basmati Rice/Basmati Akki - Super,26 kg - Bag,₹815.92
77,77,Pure Ghee/Tuppa,5 kg ,₹145
78,78,Tamil Ponni Boiled Rice,3x1L - Multipack,₹1732
79,79,New Rice/Akki - Sona Masoori,1 kg - Pouch,₹334
80,80,Cold Pressed Sunflower Cooking Oil - Cooks Indian Dishes,5 kg ,₹937.86
81,81,Chana Dal/Kadale Bele,2x1 L - (Multipack),₹121
82,82,Basmati Rice/Basmati Akki - Rozana Super 90,1 kg - Pouch,₹349
83,83,"Desi Cow Ghee, Slowly Cooked, Rich Aroma",2 kg - (12+ Months old),₹1538
84,84,Fried Gram/Huri Kadale,1 kg ,₹153
85,85,Organic - Sona Masoori Raw Rice/Akki,2 L ,₹133.6
86,86,Kabuli Chana/Kabuli Kadale,2 L - Jar,₹251.23
87,87,Sunlite Refined Sunflower Oil,5 kg ,₹252.31
88,88,Gold Multi-Source Edible Oil,1 kg - Pouch,₹330
89,89,Organic - Brown Sugar/Sakkare,2 kg ,₹392
90,90,Urad Dal/Uddina Bele - Split,500 g ,₹176
91,91,Urad Gota/Whole,500 g ,₹310
92,92,Anjeer/Figs/Atti Hannu,2 kg - Pouch,₹754
93,93,Organic - Raisins/Ona Drakshi,1 kg - Pouch,₹254
94,94,Moong Dal/Hesaru Bele,1 kg - Pouch,₹267.2
95,95,Filtered Groundnut Oil,5 kg - (6+ Months Old),₹191
96,96,Chana - Brown/Kadale Kaalu,500 g - Jar,₹122
97,97,Unpolished Chana Dal,2 x 1 L - Multipack,₹131
98,98,"Rice/Akki - Raw, Sona Masoori",2 x 500 g - Multipack,₹321
99,99,Powder - Asafoetida,500 gm ,₹883
100,100,Cold Pressed Pure Mustard Oil,500 g ,₹432.14
101,101,Unpolished Green Moong Dal - Whole,5 kg - Bag,₹149
102,102,Turmeric Powder/Arisina Pudi,5 kg ,₹142.06
103,103,Coriander Seeds/Kottambari Beeja,500 ml - Pouch,₹124
104,104,Vadi Matta Rice,3x1L - Multipack,₹304
105,105,Kurnool Sona Masoori Raw Rice - 12 + Months Old,10 kg ,₹377
106,106,Coconut Oil,490 ml ,₹123
107,107,Cold Pressed Groundnut Cooking Oil - Cooks Indian Dishes,10 kg - Pouch,₹940.8
108,108,Whole Wheat Atta,2x500 g - Multipack,₹690
109,109,Organic Cow Ghee/Tuppa,5x1 kg - Multipack,₹799
110,110,Atta/Godihittu - Chakki Fresh,1 kg - Pouch,₹486.77
111,111,Amrit Powdered Jaggery,1 kg - Pouch,₹78
112,112,Maida,2 kg ,₹265
113,113,100% Pure Premium Cashews Whole,1 kg ,₹1022.58
114,114,Basmati Rice/Basmati Akki - Dubar,12x1 L - Multipack,₹129
115,115,Rajma Chitra/White,2x200 g - Multipack,₹326.4
116,116,Organic - Cashew/Godambi Whole Bold,500 ml ,₹1154.38
117,117,Coconut Oil - 100% Pure,5 kg ,₹3996
118,118,Organic - Pumpkin Seeds,15 L - Jar,₹404
119,119,Ghee/Tuppa,3x1 L - Multipack,₹314.75
120,120,Refined Sugar (Sulphurless)/Sakkare,1 kg ,₹270
121,121,Super Lite Advanced - Sunflower Oil,5 kg - Pouch,₹1950
122,122,Refined - Sunflower Oil Pouch,200 ml ,₹331.5
123,123,Dosa Rice/Akki,26 kg - Bag,₹44
124,124,Basmati Rice/Basmati Akki - Super,5 kg ,₹815.92
125,125,Pure Ghee/Tuppa,100 g ,₹145
126,126,Tamil Ponni Boiled Rice,1 kg - Pouch,₹1732
127,127,New Rice/Akki - Sona Masoori,2 kg ,₹334
128,128,"Organic - Mustard/Sasive/Rai, Small",3x200 ml - Multipack,₹14
129,129,"Sabudana/Sago - White Medium, Chemical Free Tapioca Pearls",5 L - Tin,₹127
130,130,"Organic - Moong Dal/Hesaru Bele, Unpolished",2 kg ,₹331
131,131,Hommade - Coconut Milk,2 kg ,₹213.75
132,132,"Cow's Pure Ghee - Source Of Calcium, Boosts Overall Health",250 g ,₹3253.75
133,133,Organic - Urad Whole Gota Unpolished,500 g - Pouch,₹355
134,134,Organic - Chana Brown/Kadale Kaalu,500 g ,₹269
135,135,Poppy Seed,2x50 g - Multipack,₹585
136,136,Deseeded Tamarind/Hunisehannu/Imli,2x200 g - Multipack,₹93
137,137,Pista Kernel - Plain,1 L ,₹1047
138,138,Organic - Cardamom/Elachi Green,5 kg ,₹598
139,139,Organic - Black Pepper/Kali Mirchi,3 x 1 L - Multipack,₹532
140,140,Gingelly Oil,500 g ,₹356.16
141,141,Organic Whole Wheat Atta,500 ml ,₹345.34
142,142,Refined Sunflower Oil,3x1 L - Multipack,₹330
143,143,Organic - Cumin/Jeera/Jeerige,5 kg ,₹227
144,144,Nakshatra Pooja Oil,500 g - Pouch,₹86.13
145,145,Oil - Groundnut Pouch,5 kg - Bag,₹573
146,146,Masoor Dal,50 g ,₹608
147,147,Jeera/Jeerige - Whole,1 kg ,₹340
148,148,Basmati Rice/Basmati Akki - Biryani,1 L - Pet Jar,₹1056.68
149,149,Black Pepper/Kari Menasu,1 kg - Pouch,₹65.8
150,150,Poha/Avalakki - High in Fibre Poha(Medium),1 kg ,₹75
151,151,Cow Ghee/Tuppa,200 g - Pouch,₹747
152,152,"Masoor Dal/Mysore Bele - Whole, Unpolished",500 g ,₹125.5
153,153,Til/Ellu - White,10 kg ,₹342
154,154,Urad Dal/Uddina Bele - Split,200 g - Pouch,₹43
155,155,Kachi Ghani Mustard Oil,1 kg - Pouch,₹168
156,156,Red Chilli - With Stem,500 gm - (Pack of 500x2),₹192
157,157,Idli/Idly Rice,500 g ,₹520
158,158,Poha/Avalakki/Aval/Chivda- Thick,200 g - Pouch,₹17
159,159,Masoor Dal/Mysore Bele,2x500g - Multipack,₹99
160,160,"Cashew/Godambi - Whole,Standy Ziplock Pouch",100 g ,₹1027.7
161,161,Coriander Powder,1 kg - Pouch,₹163.08
162,162,Cashew/Godambi - Broken,5 kg ,₹226
163,163,100% Pure California Almonds Whole Premium Nuts & Dry Fruits,500 gm - Pouch,₹1095.16
164,164,Fennel/Saunf/Sompu - Big,1 kg ,₹30
165,165,Rock Salt/Uppu,200 g - Pouch,₹104.4
166,166,Toor/Arhar Dal,5 kg ,₹957
167,167,Dates/Kharjura - Deseeded,2x200 g - Multipack,₹145
168,168,Double Roasted Rava,1 kg - Pouch,₹110
169,169,Rajma/Capparadavare - Kashmiri,500 ml ,₹39
170,170,Rice/Akki - Jeera/Jeeraga Samba,500 g - Pouch,₹449
171,171,Organic - Walnut Kernels/Akharot,100 g ,₹616
172,172,Pure & Unrefined Cold Pressed Groundnut Oil,1 kg - Pouch,₹410
173,173,"Lite - 15% Low Sodium Iodised Salt, For Healthy Lifestyle",2 kg ,₹39
174,174,Tilnad Sesame Oil,3x200 ml - Multipack,₹200
175,175,Bansi Sooji,5 L - Tin,₹30
176,176,"Organic - Mustard/Sasive/Rai, Small",2 kg ,₹14
177,177,"Sabudana/Sago - White Medium, Chemical Free Tapioca Pearls",2 kg ,₹127
178,178,"Organic - Moong Dal/Hesaru Bele, Unpolished",250 g ,₹331
179,179,Hommade - Coconut Milk,500 g - Pouch,₹213.75
180,180,"Cow's Pure Ghee - Source Of Calcium, Boosts Overall Health",500 g ,₹3253.75
181,181,Organic - Urad Whole Gota Unpolished,2x50 g - Multipack,₹355
182,182,Organic - Chana Brown/Kadale Kaalu,2x200 g - Multipack,₹269
183,183,Poppy Seed,1 L ,₹585
184,184,Deseeded Tamarind/Hunisehannu/Imli,5 kg ,₹93
185,185,Pista Kernel - Plain,3 x 1 L - Multipack,₹1047
186,186,Organic - Cardamom/Elachi Green,500 g ,₹598
187,187,Organic - Black Pepper/Kali Mirchi,500 ml ,₹532
188,188,Gingelly Oil,3x1 L - Multipack,₹356.16
189,189,Organic Whole Wheat Atta,5 kg ,₹345.34
190,190,Refined Sunflower Oil,500 g - Pouch,₹330
191,191,Organic - Cumin/Jeera/Jeerige,5 kg - Bag,₹227
192,192,Nakshatra Pooja Oil,50 g ,₹86.13
193,193,Oil - Groundnut Pouch,1 kg ,₹573
194,194,Masoor Dal,1 L - Pet Jar,₹608
195,195,Jeera/Jeerige - Whole,1 kg - Pouch,₹340
196,196,Basmati Rice/Basmati Akki - Biryani,1 kg ,₹1056.68
197,197,Black Pepper/Kari Menasu,200 g - Pouch,₹65.8
198,198,Poha/Avalakki - High in Fibre Poha(Medium),500 g ,₹75
199,199,Cow Ghee/Tuppa,10 kg ,₹747
200,200,"Masoor Dal/Mysore Bele - Whole, Unpolished",200 g - Pouch,₹125.5
201,201,Til/Ellu - White,1 kg - Pouch,₹342
202,202,Urad Dal/Uddina Bele - Split,500 gm - (Pack of 500x2),₹43
203,203,Kachi Ghani Mustard Oil,500 g ,₹168
204,204,Red Chilli - With Stem,200 g - Pouch,₹192
205,205,Idli/Idly Rice,2x500g - Multipack,₹520
206,206,Poha/Avalakki/Aval/Chivda- Thick,100 g ,₹17
207,207,Masoor Dal/Mysore Bele,1 kg - Pouch,₹99
208,208,"Cashew/Godambi - Whole,Standy Ziplock Pouch",5 kg ,₹1027.7
209,209,Coriander Powder,500 gm - Pouch,₹163.08
210,210,Cashew/Godambi - Broken,1 kg ,₹226
211,211,100% Pure California Almonds Whole Premium Nuts & Dry Fruits,200 g - Pouch,₹1095.16
212,212,Fennel/Saunf/Sompu - Big,5 kg ,₹30
213,213,Rock Salt/Uppu,2x200 g - Multipack,₹104.4
214,214,Toor/Arhar Dal,1 kg - Pouch,₹957
215,215,Dates/Kharjura - Deseeded,500 ml ,₹145
216,216,Double Roasted Rava,500 g - Pouch,₹110
217,217,Rajma/Capparadavare - Kashmiri,1 L - Pouch,₹39
218,218,Rice/Akki - Jeera/Jeeraga Samba,1 kg ,₹449
219,219,Organic - Walnut Kernels/Akharot,1 kg - Pouch,₹616
220,220,Pure & Unrefined Cold Pressed Groundnut Oil,25 kg ,₹410
221,221,"Lite - 15% Low Sodium Iodised Salt, For Healthy Lifestyle",500 g ,₹39
222,222,Tilnad Sesame Oil,200 g - 0,₹200
223,223,Bansi Sooji,1 kg - Pouch,₹30
224,224,Coconad Coconut Oil,50 g ,₹175
225,225,"Almond/Badam - Californian, Giri",2x500 g - Multipack,₹700
226,226,Basmati Rice/Basmati Akki - Classic,200 g ,₹234.36
227,227,Sona Masoori Steam Rice/Akki,1 kg ,₹1421
228,228,"Chilli - Guntur, Stemless",2x5 Kg - Multipack,₹214
229,229,Soya - Mini Chunk,2 x 500 ml - Multipack,₹56.4
230,230,Rice Flour,10 kg ,₹57
231,231,Cardamom Green/Elakki,2x1 L - Multipack,₹188
232,232,Organic - Chia Seeds,200 g ,₹460
233,233,Walnut/Akhrot- Kernels,2 kg ,₹308
234,234,"Sona Masuri Raw Rice/Akki - 12 Months, Pesticide Free",25 kg ,₹57.54
235,235,Basmati Rice - Rozana Premium,50 g ,₹838
236,236,Pure Cow Ghee,500 g ,₹718
237,237,Organic - Idly/Idli Rice/Akki,5 kg - Pouch,₹567
238,238,"A2 Desi Hallikar Cow Ghee - Vedic Bilona Churned From Curd, 1 L Each",1 kg ,₹3129.84
239,239,Organic Red/Guntur Chilli,1 kg ,₹87
240,240,Organic - Whole Wheat Atta/Godihittu,1 kg - Pouch,₹87.2
241,241,Sona Masoori Raw Rice/Akki,500 g ,₹1361
242,242,Hing Powder,200 g - Pouch,₹69
243,243,Anjeer/Figs/Atti Hannu,200 g ,₹1043
244,244,Basmati Rice/Basmati Akki - Rozana Gold,1 kg - Pouch,₹427
245,245,Rice/Akki - Jeera,26 kg - (6 + Months  Old),₹123.9
246,246,Organic - Sona Masoori Semi Brown Rice Hand Pounded,500 g - Jar,₹87
247,247,Organic Kabuli Chana/Kabuli Kadale,1 kg - Pouch,₹188
248,248,Lobia/Alasandee Kaalu - White,1 kg - Pouch,₹167
249,249,Organic - Whole Wheat Atta/Godihittu,100 g ,₹23.2
250,250,Tamarind/Hunisehannu/Imli,1 kg - Pouch,₹92
251,251,Chana Dal/Kadale Bele,2x1 kg - Multipack,₹25
252,252,Fenugreek/Methi/Menthya,500 g ,₹29
253,253,Rice/Akki - Dosa,1 kg - Pouch,₹64
254,254,HMT Kolam Rice - 6+ Months Old,2x100 g - Multipack,₹2106
255,255,Organic Jaggery/Bella Powder,5 kg ,₹57
256,256,Ponni Raw Rice/Akki,2 kg - Pouch,₹56
257,257,"Almond/Badam - Californian, Giri Bold",1 kg - Pouch,₹1109
258,258,Black Mustard/Sasive/Rai - Big,500 g ,₹16
259,259,Powder - Tikhalal Chilly,3X200 g - Multipack,₹580
260,260,Organic - Poha,1 kg ,₹150
261,261,Chilli Powder/Menasina Pudi,1 L - Pouch,₹236.25
262,262,White Peas/Bili Batani,1 kg ,₹87
263,263,Pink Salt,1 kg - Pouch,₹70.4
264,264,Jeera Powder,25 kg ,₹158
265,265,Chakki-Fresh-Wheat-Atta/Godihittu - Fortified,500 g ,₹195
266,266,Kachi Ghani Mustard Oil,200 g - 0,₹151.41
267,267,Urad Whole,1 kg - Pouch,₹295.2
268,268,Chakki Fresh Atta,50 g ,₹61.67
269,269,Organic Cashew/Godambi - Whole,2x500 g - Multipack,₹538
270,270,Paste - Ginger & Garlic,200 g ,₹92.46
271,271,Himalayan Pink Rock Salt/Uppu Powder,1 kg ,₹75
272,272,Coconad Coconut Oil,2x5 Kg - Multipack,₹175
273,273,"Almond/Badam - Californian, Giri",2 x 500 ml - Multipack,₹700
274,274,Basmati Rice/Basmati Akki - Classic,10 kg ,₹234.36
275,275,Sona Masoori Steam Rice/Akki,2x1 L - Multipack,₹1421
276,276,"Chilli - Guntur, Stemless",200 g ,₹214
277,277,Soya - Mini Chunk,2 kg ,₹56.4
278,278,Rice Flour,25 kg ,₹57
279,279,Cardamom Green/Elakki,50 g ,₹188
280,280,Organic - Chia Seeds,500 g ,₹460
281,281,Walnut/Akhrot- Kernels,5 kg - Pouch,₹308
282,282,"Sona Masuri Raw Rice/Akki - 12 Months, Pesticide Free",1 kg ,₹57.54
283,283,Basmati Rice - Rozana Premium,1 kg ,₹838
284,284,Pure Cow Ghee,1 kg - Pouch,₹718
285,285,Organic - Idly/Idli Rice/Akki,500 g ,₹567
286,286,"A2 Desi Hallikar Cow Ghee - Vedic Bilona Churned From Curd, 1 L Each",200 g - Pouch,₹3129.84
287,287,Organic Red/Guntur Chilli,200 g ,₹87
288,288,Organic - Whole Wheat Atta/Godihittu,1 kg - Pouch,₹87.2
289,289,Sona Masoori Raw Rice/Akki,26 kg - (6 + Months  Old),₹1361
290,290,Hing Powder,500 g - Jar,₹69
291,291,Anjeer/Figs/Atti Hannu,1 kg - Pouch,₹1043
292,292,Basmati Rice/Basmati Akki - Rozana Gold,1 kg - Pouch,₹427
293,293,Rice/Akki - Jeera,100 g ,₹123.9
294,294,Organic - Sona Masoori Semi Brown Rice Hand Pounded,1 kg - Pouch,₹87
295,295,Organic Kabuli Chana/Kabuli Kadale,2x1 kg - Multipack,₹188
296,296,Lobia/Alasandee Kaalu - White,500 g ,₹167
297,297,Organic - Whole Wheat Atta/Godihittu,1 kg - Pouch,₹23.2
298,298,Tamarind/Hunisehannu/Imli,2x100 g - Multipack,₹92
299,299,Chana Dal/Kadale Bele,5 kg ,₹25
300,300,Fenugreek/Methi/Menthya,2 kg - Pouch,₹29
301,301,Rice/Akki - Dosa,1 kg - Pouch,₹64
302,302,HMT Kolam Rice - 6+ Months Old,500 g ,₹2106
303,303,Organic Jaggery/Bella Powder,3X200 g - Multipack,₹57
304,304,Ponni Raw Rice/Akki,1 kg ,₹56
305,305,"Almond/Badam - Californian, Giri Bold",3x1 L - Multipack,₹1109
306,306,Black Mustard/Sasive/Rai - Big,1 kg - Pouch,₹16
307,307,Powder - Tikhalal Chilly,200 g ,₹580
308,308,Organic - Poha,2x200 g - Multipack,₹150
309,309,Chilli Powder/Menasina Pudi,200 g ,₹236.25
310,310,White Peas/Bili Batani,1 kg - Pouch,₹87
311,311,Pink Salt,1 kg ,₹70.4
312,312,Jeera Powder,26 kg - Bag,₹158
313,313,Chakki-Fresh-Wheat-Atta/Godihittu - Fortified,500 g - (Buy 1 Get 1 Free),₹195
314,314,Kachi Ghani Mustard Oil,2 x 10 kg - Multipack,₹151.41
315,315,Urad Whole,1 kg - Pouch,₹295.2
316,316,Chakki Fresh Atta,5 L - Jar,₹61.67
317,317,Organic Cashew/Godambi - Whole,500 g - Pouch,₹538
318,318,Paste - Ginger & Garlic,450 g ,₹92.46
319,319,Himalayan Pink Rock Salt/Uppu Powder,500 ml ,₹75
320,320,Active Oil,10 g ,₹729
321,321,Raisins/Ona Drakshi - Indian,500 g ,₹308
322,322,Filtered Groundnut Oil,2 kg ,₹200
323,323,Organic - Cinnamon/Chakke,3x5 kg - Multipack,₹235
324,324,"Walnuts - Kernels, Premium 100% Natural Kashmiri",26 kg - Bag,₹682.5
325,325,Powder - Kashmirilal,2 x 1 L - Multipack,₹230
326,326,Red Lobia/Alasandee Kaalu,1 kg - Pouch,₹188
327,327,Jaggery/Bella Round,500 g - Pouch,₹83
328,328,Palakkad Red Matta Boiled Rice - Unda,5 L - Tin,₹1426
329,329,Dates/Kharjura,680 g ,₹170
330,330,Bullet Raw Rice,5 L ,₹1720
331,331,"Green Moong/Hesaru Kaalu - Split, Chilka",1 kg - Pouch,₹150
332,332,Rice Bran Health Physically Refined Oil,500 g ,₹688.32
333,333,Roasted & Salted California Pistachios,5 kg ,₹281
334,334,Green Peas/Ona Batani,2x1 Kg - Multipack,₹98
335,335,Jaggery/Bella - Kolhapuri,10 kg ,₹54
336,336,"Extra Light Tasting Olive Oil - Ideal For Indian Cooking, Suitable For Deep Frying",1 kg ,₹666.48
337,337,Cardamom Green/Elakki,1 kg - Pouch,₹23.5
338,338,Byadagi Chilli - Stemless,200 ml - Pet Jar,₹280
339,339,Oil - Mantra GroundNut,2x250 g - Multipack,₹246
340,340,Jeera/Govinda Bhog Rice/Akki,2x2 kg - Multipack,₹195
341,341,Sonamasuri Rice,2X500 ml - Multipack,₹1402.5
342,342,Ponni Boiled - Rice,5 kg ,₹1693
343,343,Pure Ghee,500 g ,₹1240
344,344,Wheat Dalia,1 kg ,₹61
345,345,Groundnut Oil,1 kg ,₹156
346,346,Powder - Green Coriander,2x1 kg - Multipack,₹190
347,347,Olive Oil,3x1 L - Multipack,₹6988.99
348,348,100% Premium Pistachios - Roasted & Salted,1 kg - Pouch,₹327.75
349,349,Premium International Omani Dates,200 g ,₹466.65
350,350,Kachi Ghani Mustard Oil,2x200 g - Multipack,₹709.04
351,351,Idli Sooji Rava,200 g ,₹50
352,352,Organic Refined Wheat Flour(Maida),1 kg - Pouch,₹30
353,353,Tasty Refined Cooking Oil - Blended Rice Bran & Corn Oil,1 kg ,₹142
354,354,Organic - Foxtail Millet / Italian (Thinai Rice),26 kg - Bag,₹479.2
355,355,Biryani Basmati Rice - Extra Long,500 g - (Buy 1 Get 1 Free),₹310
356,356,Idli/Idly Rice,2 x 10 kg - Multipack,₹555
357,357,Besan/Kadale Hittu,1 kg - Pouch,₹102
358,358,Wheat - Sharbati,5 L - Jar,₹54
359,359,Ghee/Tuppa,500 g - Pouch,₹131
360,360,"Kashmiri Chilli Powder - Perfect Colour, Smell & Taste",450 g ,₹361.2
361,361,Organic - Sugar,500 ml ,₹212
362,362,"A2 Desi Cow Ghee, Rich Aroma, Traditional Bilona Method",10 g ,₹1360
363,363,Sugar Release Control Atta/Godihittu,500 g ,₹338.8
364,364,100% Pure Premium Raisins - Seedless,2 kg ,₹214.85
365,365,Organic - Methi/Menthya,3x5 kg - Multipack,₹183.3
366,366,Cashew/Kaju - Whole,26 kg - Bag,₹975
367,367,Multigrain Atta - Fortified,2 x 1 L - Multipack,₹118
368,368,Active Oil,1 kg - Pouch,₹729
369,369,Raisins/Ona Drakshi - Indian,500 g - Pouch,₹308
370,370,Filtered Groundnut Oil,5 L - Tin,₹200
371,371,Organic - Cinnamon/Chakke,680 g ,₹235
372,372,"Walnuts - Kernels, Premium 100% Natural Kashmiri",5 L ,₹682.5
373,373,Powder - Kashmirilal,1 kg - Pouch,₹230
374,374,Red Lobia/Alasandee Kaalu,500 g ,₹188
375,375,Jaggery/Bella Round,5 kg ,₹83
376,376,Palakkad Red Matta Boiled Rice - Unda,2x1 Kg - Multipack,₹1426
377,377,Dates/Kharjura,10 kg ,₹170
378,378,Bullet Raw Rice,1 kg ,₹1720
379,379,"Green Moong/Hesaru Kaalu - Split, Chilka",1 kg - Pouch,₹150
380,380,Rice Bran Health Physically Refined Oil,200 ml - Pet Jar,₹688.32
381,381,Roasted & Salted California Pistachios,2x250 g - Multipack,₹281
382,382,Green Peas/Ona Batani,2x2 kg - Multipack,₹98
383,383,Jaggery/Bella - Kolhapuri,2X500 ml - Multipack,₹54
384,384,"Extra Light Tasting Olive Oil - Ideal For Indian Cooking, Suitable For Deep Frying",5 kg ,₹666.48
385,385,Cardamom Green/Elakki,500 g ,₹23.5
386,386,Byadagi Chilli - Stemless,1 kg ,₹280
387,387,Oil - Mantra GroundNut,1 kg ,₹246
388,388,Jeera/Govinda Bhog Rice/Akki,2x1 kg - Multipack,₹195
389,389,Sonamasuri Rice,200 g ,₹1402.5
390,390,Ponni Boiled - Rice,500 g ,₹1693
391,391,Pure Ghee,200 g ,₹1240
392,392,Wheat Dalia,200 g - Pouch,₹61
393,393,Groundnut Oil,5 L ,₹156
394,394,Powder - Green Coriander,200 g - Pouch,₹190
395,395,Olive Oil,500 ml - Bottle,₹6988.99
396,396,100% Premium Pistachios - Roasted & Salted,1 kg - Pouch,₹327.75
397,397,Premium International Omani Dates,26 kg ,₹466.65
398,398,Kachi Ghani Mustard Oil,1 L - Spout Pack,₹709.04
399,399,Idli Sooji Rava,2x200 g - Multipack,₹50
400,400,Organic Refined Wheat Flour(Maida),1 kg - Pouch,₹30
401,401,Tasty Refined Cooking Oil - Blended Rice Bran & Corn Oil,2x5L - Multipack,₹142
402,402,Organic - Foxtail Millet / Italian (Thinai Rice),200 g - Pouch,₹479.2
403,403,Biryani Basmati Rice - Extra Long,500 g - Pouch,₹310
404,404,Idli/Idly Rice,2x200 g - Multipack,₹555
405,405,Besan/Kadale Hittu,1 kg ,₹102
406,406,Wheat - Sharbati,500 g - Pouch,₹54
407,407,Ghee/Tuppa,5 kg - Pouch,₹131
408,408,"Kashmiri Chilli Powder - Perfect Colour, Smell & Taste",1 kg ,₹361.2
409,409,Organic - Sugar,500 g - Pouch,₹212
410,410,"A2 Desi Cow Ghee, Rich Aroma, Traditional Bilona Method",2x500 g - Multipack,₹1360
411,411,Sugar Release Control Atta/Godihittu,200 g ,₹338.8
412,412,100% Pure Premium Raisins - Seedless,2 L - Can,₹214.85
413,413,Organic - Methi/Menthya,3x1 kg - Multipack,₹183.3
414,414,Cashew/Kaju - Whole,1 kg - Pouch,₹975
415,415,Multigrain Atta - Fortified,2 kg ,₹118
416,416,Kachi Ghani Mustard Oil,500 g ,₹733.6
417,417,Organic - Ajwain/Om Kalu,500 g - Pouch,₹106
418,418,Cashew/Godambi - Split,2 kg ,₹612
419,419,Organic Sunflower Seeds/Suryakanti Bija,5 Kg ,₹114.49
420,420,Plain Puffed Rice/Kadle Puri/Murmure,1 L - Pet Bottle,₹34
421,421,"100% Natural & Pure Groundnut Oil - Unrefined, Cold-Pressed",200 ml - Pet Bottle,₹1780
422,422,Black Raisins/Ona Drakshi - Seedless,5 kg - Bag,₹136.65
423,423,Extra Light Tasting Olive Oil,200 g - Pouch,₹681.98
424,424,Atta/Godihittu - Multigrain,500 g ,₹57
425,425,Salt/Uppu - Iodised,200 g - Pouch,₹19.2
426,426,GTS Original Vada Colam Raw Rice,72 g - (12 Sachet x 6 g each),₹959.4
427,427,Gobind Bhog Rice,5 kg - Pouch,₹2548
428,428,Cold Pressed Sesame/Gingelly Cooking Oil,200 g ,₹446
429,429,"Cashews - Whole, 100% Natural Premium",200 g ,₹592.5
430,430,"Rice/Akki - Steam, Sona Masoori",500 g ,₹59
431,431,Filtered Groundnut Oil,200 g ,₹196
432,432,Active Oil - Pro Weight Watchers,200 g - Pouch,₹1252
433,433,"Urad Black Dal - Whole - Desi, Unpolished",5 L ,₹38
434,434,Barik Sooji,200 g - Pouch,₹31
435,435,"Pistachios - Roasted & Salted, Premium Californian",500 ml - Bottle,₹734.7
436,436,100% Natural Californian Almonds,1 kg - Pouch,₹945
437,437,Rajma/Capparadavare,26 kg ,₹135.24
438,438,Organic Wheat Flour/ Chakki Atta,1 L - Spout Pack,₹300
439,439,Mustard/Sasive/Rai - Small,2x200 g - Multipack,₹217
440,440,Mixed Dry Fruits,1 kg - Pouch,₹604
441,441,Extra Virgin Olive Oil,2x5L - Multipack,₹420.98
442,442,Amrit - Brown Sugar,200 g - Pouch,₹90
443,443,Besan Fine/Barik  - 100% Chana Dal Besan,500 g - Pouch,₹27
444,444,Super Lite Advanced - Sunflower Oil,2x200 g - Multipack,₹536
445,445,Sugar,1 kg ,₹380.28
446,446,Coconut Oil,500 g - Pouch,₹155
447,447,Mix Dal,5 kg - Pouch,₹186
448,448,Organic - Channa Dal Unpolished,1 kg ,₹260
449,449,Organic Toor Dal/Togari Bele,500 g - Pouch,₹147.25
450,450,Whole Fried Gram/Huri Kadale,2x500 g - Multipack,₹82
451,451,Organic - Little Millet/Samai Rice,200 g ,₹346
452,452,Organic Ragi Flour,2 L - Can,₹348
453,453,Extra Virgin Olive Oil,3x1 kg - Multipack,₹1488.98
454,454,Gingelly Oil,1 kg - Pouch,₹76.39
455,455,Basmati Rice/Basmati Akki - Super,2 kg ,₹809.2
456,456,Puliogare Masala Powder,500 g ,₹125
457,457,Dates/Kharjura - Desert King,500 g - Pouch,₹247
458,458,"Masoor Black, Whole",2 kg ,₹26
459,459,Masala Ae Magic Vegetable Masala,5 Kg ,₹55
460,460,Refined Sunflower Oil,1 L - Pet Bottle,₹112
461,461,Basmati Rice/Basmati Akki - Biryani Special,200 ml - Pet Bottle,₹708
462,462,Masala - Garam,5 kg - Bag,₹204
463,463,Ginger Paste,200 g - Pouch,₹40
464,464,Kachi Ghani Mustard Oil,500 g ,₹733.6
465,465,Organic - Ajwain/Om Kalu,200 g - Pouch,₹106
466,466,Cashew/Godambi - Split,72 g - (12 Sachet x 6 g each),₹612
467,467,Organic Sunflower Seeds/Suryakanti Bija,5 kg - Pouch,₹114.49
468,468,Plain Puffed Rice/Kadle Puri/Murmure,200 g ,₹34
469,469,"100% Natural & Pure Groundnut Oil - Unrefined, Cold-Pressed",450 g - Pouch,₹1780
470,470,Black Raisins/Ona Drakshi - Seedless,2 kg ,₹136.65
471,471,Extra Light Tasting Olive Oil,2 kg ,₹681.98
472,472,Atta/Godihittu - Multigrain,2x1 kg - Multipack,₹57
473,473,Salt/Uppu - Iodised,100 g ,₹19.2
474,474,GTS Original Vada Colam Raw Rice,5 kg - Bag,₹959.4
475,475,Gobind Bhog Rice,2x1 L - Multipack,₹2548
476,476,Cold Pressed Sesame/Gingelly Cooking Oil,1 kg ,₹446
477,477,"Cashews - Whole, 100% Natural Premium",4 x200 g - Multipack,₹592.5
478,478,"Rice/Akki - Steam, Sona Masoori",500 g ,₹59
479,479,Filtered Groundnut Oil,2x200 g - Multipack,₹196
480,480,Active Oil - Pro Weight Watchers,5 kg - (6 - 11 Months Old),₹1252
481,481,"Urad Black Dal - Whole - Desi, Unpolished",200 g ,₹38
482,482,Barik Sooji,10 kg - Bag,₹31
483,483,"Pistachios - Roasted & Salted, Premium Californian",100 g ,₹734.7
484,484,100% Natural Californian Almonds,350 g ,₹945
485,485,Rajma/Capparadavare,1 kg ,₹135.24
486,486,Organic Wheat Flour/ Chakki Atta,200 g - Pouch,₹300
487,487,Mustard/Sasive/Rai - Small,2x500 g - Multipack,₹217
488,488,Mixed Dry Fruits,2x1kg - Multipack,₹604
489,489,Extra Virgin Olive Oil,200 g ,₹420.98
490,490,Amrit - Brown Sugar,1 kg - Jar,₹90
491,491,Besan Fine/Barik  - 100% Chana Dal Besan,1 kg ,₹27
492,492,Super Lite Advanced - Sunflower Oil,1 kg - 0,₹536
493,493,Sugar,2 kg ,₹380.28
494,494,Coconut Oil,500 g ,₹155
495,495,Mix Dal,500 g ,₹186
496,496,Organic - Channa Dal Unpolished,50 g ,₹260
497,497,Organic Toor Dal/Togari Bele,2 kg ,₹147.25
498,498,Whole Fried Gram/Huri Kadale,1 L - Bottle,₹82
499,499,Organic - Little Millet/Samai Rice,1 kg - Pouch,₹346
500,500,Organic Ragi Flour,500 g - Pouch,₹348
501,501,Extra Virgin Olive Oil,1 Kg - Pouch,₹1488.98
502,502,Gingelly Oil,2x200 g - Multipack,₹76.39
503,503,Basmati Rice/Basmati Akki - Super,3x1L - Multipack,₹809.2
504,504,Puliogare Masala Powder,2x10 kg - Multipack,₹125
505,505,Dates/Kharjura - Desert King,500 ml - Jar,₹247
506,506,"Masoor Black, Whole",2 kg ,₹26
507,507,Masala Ae Magic Vegetable Masala,10 kg ,₹55
508,508,Refined Sunflower Oil,400 g ,₹112
509,509,Basmati Rice/Basmati Akki - Biryani Special,1 L ,₹708
510,510,Masala - Garam,450 g - Pouch,₹204
511,511,Ginger Paste,2 kg ,₹40
512,512,Jaggery/Gul,2 kg ,₹36
513,513,Unpolished Kala Chana,2x1 kg - Multipack,₹130
514,514,Organic - Jowar Flour/Jolada Hittu,100 g ,₹130.4
515,515,Organic - Sooji/Rava,5 kg - Bag,₹116
516,516,Tur/Arhar Dal,2x1 L - Multipack,₹662.4
517,517,Watermelon Seeds/Kallangadi Bija,1 kg ,₹113
518,518,Basmati Rice/Basmati Akki - Mogra/Broken,4 x200 g - Multipack,₹377.96
519,519,Sona Masoori,500 g ,₹405
520,520,"Cow Ghee - Intense Aroma & Flavour, Rich Texture, Immunity Booster",2x200 g - Multipack,₹1314.42
521,521,Green Moong//Hesaru Kaalu - Whole,5 kg - (6 - 11 Months Old),₹132
522,522,Ginger Garlic Paste,200 g ,₹175
523,523,Til - Black,10 kg - Bag,₹204
524,524,Premium Dried Afghani Anjeer,100 g ,₹910.8
525,525,Ponni Boiled Rice,350 g ,₹276
526,526,Organic - Puffed Rice/Kadle Puri,1 kg ,₹38
527,527,Palakkad Red Matta Boiled Rice - Vadi,200 g - Pouch,₹642.22
528,528,Powder - Cumin,2x500 g - Multipack,₹71.44
529,529,Premium International Queen Kalmi Dates,2x1kg - Multipack,₹359.1
530,530,Organic - Masoor Black Whole,200 g ,₹130
531,531,Sambar Masala Powder,1 kg - Jar,₹140
532,532,Unpolished Moong Dal Chilka,1 kg ,₹103.79
533,533,Organic - Turmeric Powder,1 kg - 0,₹346
534,534,Iodised Crystal Salt,2 kg ,₹43.12
535,535,Organic - Bay Leaf/Lavangada Ele,500 g ,₹76
536,536,"Pure Refined - Sugar, Sulphur Free/Sakkare",500 g ,₹70.5
537,537,Roasted Sooji/Rava,50 g ,₹63
538,538,Soya Chunks,2 kg ,₹155
539,539,Jaggery/Bella Powder/Nattu Sakkarai,1 L - Bottle,₹45
540,540,Organic Ragi Whole/Finger Millet,1 kg - Pouch,₹120
541,541,Cumin/Jeera/Jeerige - Whole,500 g - Pouch,₹207
542,542,Khus Khus/Posta Dana,1 Kg - Pouch,₹1135
543,543,Fennel/Saunf/Sompu - Small,2x200 g - Multipack,₹24
544,544,Organic - Green Moong Whole/Hesaru Kaalu,3x1L - Multipack,₹304
545,545,Idli Rava,2x10 kg - Multipack,₹63.7
546,546,Organic Suji,500 ml - Jar,₹65.25
547,547,Canola Oil,2 kg ,₹371.7
548,548,White Puttu Podi,10 kg ,₹89
549,549,Turmeric Powder/Arisina Pudi,400 g ,₹165
550,550,Turmeric Powder/Arisina Pudi,1 L ,₹322.5
551,551,Premium Natural Californian Almonds,2 kg ,₹440
552,552,Cold Pressed Kachi Ghani Mustard Cooking Oil,250 Gm ,₹825
553,553,Organic - Brown Rice,500 g ,₹1406.4
554,554,Chana Sattu Refreshing Drink Powder,2 x 500 ml - Multipack,₹159
555,555,Pure Desi Cow Ghee,20 g ,₹325
556,556,"Organic - Red Masoor Dal/Mysore Bele, Unpolished",500 g ,₹246
557,557,Organic Sona Masoori White Rice/Akki,1 kg ,₹701
558,558,Organic - Jaggery/Bella,2x50 g - Multipack,₹36
559,559,Virgin Coconut Oil (Cold Pressed),2x200 g - Multipack,₹665
560,560,Jaggery/Gul,5 L ,₹36
561,561,Unpolished Kala Chana,1 kg ,₹130
562,562,Organic - Jowar Flour/Jolada Hittu,500 g ,₹130.4
563,563,Organic - Sooji/Rava,5 kg - (18 + Months Old),₹116
564,564,Tur/Arhar Dal,5 l - Jar,₹662.4
565,565,Watermelon Seeds/Kallangadi Bija,3x500 g - Multipack,₹113
566,566,Basmati Rice/Basmati Akki - Mogra/Broken,1 kg ,₹377.96
567,567,Sona Masoori,500 ml ,₹405
568,568,"Cow Ghee - Intense Aroma & Flavour, Rich Texture, Immunity Booster",5 kg - (18 + Months  Old),₹1314.42
569,569,Green Moong//Hesaru Kaalu - Whole,10 kg ,₹132
570,570,Ginger Garlic Paste,5 L - Tin,₹175
571,571,Til - Black,5 L - Can,₹204
572,572,Premium Dried Afghani Anjeer,1 kg ,₹910.8
573,573,Ponni Boiled Rice,2 kg - PP,₹276
574,574,Organic - Puffed Rice/Kadle Puri,2 x 100 g - Multipack,₹38
575,575,Palakkad Red Matta Boiled Rice - Vadi,100 g - Pouch,₹642.22
576,576,Powder - Cumin,200 g ,₹71.44
577,577,Premium International Queen Kalmi Dates,5 kg - Pouch,₹359.1
578,578,Organic - Masoor Black Whole,10 kg ,₹130
579,579,Sambar Masala Powder,26 kg ,₹140
580,580,Unpolished Moong Dal Chilka,1 kg ,₹103.79
581,581,Organic - Turmeric Powder,200 g ,₹346
582,582,Iodised Crystal Salt,3 L - Jar,₹43.12
583,583,Organic - Bay Leaf/Lavangada Ele,2 x 1 L - Multipack,₹76
584,584,"Pure Refined - Sugar, Sulphur Free/Sakkare",100 g - Bottle,₹70.5
585,585,Roasted Sooji/Rava,1 kg - Pouch,₹63
586,586,Soya Chunks,20 g ,₹155
587,587,Jaggery/Bella Powder/Nattu Sakkarai,4x200 ml - Multi Pack,₹45
588,588,Organic Ragi Whole/Finger Millet,200 g - Pouch,₹120
589,589,Cumin/Jeera/Jeerige - Whole,2 kg ,₹207
590,590,Khus Khus/Posta Dana,250 Gm ,₹1135
591,591,Fennel/Saunf/Sompu - Small,500 g ,₹24
592,592,Organic - Green Moong Whole/Hesaru Kaalu,2 x 500 ml - Multipack,₹304
593,593,Idli Rava,20 g ,₹63.7
594,594,Organic Suji,500 g ,₹65.25
595,595,Canola Oil,1 kg ,₹371.7
596,596,White Puttu Podi,2x50 g - Multipack,₹89
597,597,Turmeric Powder/Arisina Pudi,2x200 g - Multipack,₹165
598,598,Turmeric Powder/Arisina Pudi,5 L ,₹322.5
599,599,Premium Natural Californian Almonds,1 kg ,₹440
600,600,Cold Pressed Kachi Ghani Mustard Cooking Oil,500 g ,₹825
601,601,Organic - Brown Rice,5 kg - (18 + Months Old),₹1406.4
602,602,Chana Sattu Refreshing Drink Powder,5 l - Jar,₹159
603,603,Pure Desi Cow Ghee,3x500 g - Multipack,₹325
604,604,"Organic - Red Masoor Dal/Mysore Bele, Unpolished",1 kg ,₹246
605,605,Organic Sona Masoori White Rice/Akki,500 ml ,₹701
606,606,Organic - Jaggery/Bella,5 kg - (18 + Months  Old),₹36
607,607,Virgin Coconut Oil (Cold Pressed),10 kg ,₹665
608,608,Kabuli Chana,5 L - Tin,₹295.2
609,609,Turmeric Powder,5 L - Can,₹72.09
610,610,Chilli Powder,1 kg ,₹223.5
611,611,"Premium Cow Ghee, 500ml - For Better Digestion and Immunity",2 kg - PP,₹722.5
612,612,Organic - Cardamom/Elaichi Black,2 x 100 g - Multipack,₹49
613,613,"Chilli - Kashmiri, Stemless",100 g - Pouch,₹471
614,614,"Organic - Urad Dal/Uddina Bele, White (Split), Unpolished",200 g ,₹202
615,615,Organic - Cloves,5 kg - Pouch,₹198
616,616,"Walnuts - Kernels, Deluxe 100% Natural Kashmiri",10 kg ,₹680
617,617,Cow Ghee/Tuppa,26 kg ,₹2925
618,618,Medium Poha,1 kg ,₹86.24
619,619,100% Natural Premium Whole Cashews Nuts,200 g ,₹565.75
620,620,Ponni Boiled Rice/Kusubalakki - Super Premium,3 L - Jar,₹375
621,621,Pureit Refined Sunflower Oil,2 x 1 L - Multipack,₹620.2
622,622,Raw Peanut,100 g - Bottle,₹400.2
623,623,Ragi Flour/Ragi Hittu,1 kg - Pouch,₹66
624,624,"Olive Pomace Oil - Cholesterol & Trans Fat-Free, For Cooking, Deep Frying",20 g ,₹556
625,625,Salt/Uppu - Crystal,4x200 ml - Multi Pack,₹18.27
626,626,Ponni Raw Rice/Akki - Super Premium,200 g - Pouch,₹385
627,627,Steam Rice - Kolam,500 g ,₹691
628,628,Extra Virgin Olive Oil,500 g ,₹5798.95
629,629,Refined Sunflower Oil,3 x 1 L - Multipack,₹556.07
630,630,Palakkad Red Matta Boiled Rice,1 kg ,₹60
631,631,Maida,1 L ,₹91
632,632,Organic Cumin Whole,1 kg ,₹288
633,633,Green Pumpkin Seeds/Kumbalakayi Bija,100 g - Carton,₹100
634,634,Premium Aromatic Govind Bhog Rice,500 g ,₹717.36
635,635,Flax Seeds,1 kg ,₹44
636,636,Basmati Rice/Basmati Akki - Rozana,200 g ,₹469.2
637,637,Palakadan Unda Matta Rice,200 g - Pouch,₹642.2
638,638,Baskati Rice,1 kg ,₹1785
639,639,Pure & Unrefined Cold Pressed Virgin Coconut Oil,5 kg ,₹573.18
640,640,"Roasted Chana - With Skin, Whole",3 x 1 L - Multipack,₹90
641,641,Unpolished Urad Dal,100 gm ,₹244.02
642,642,Dry Copra/ Khopra,1 kg - Pouch,₹56
643,643,Appam Idiyappam Pathiri,1 L ,₹53.1
644,644,Heart Oil - Vegetable,200 g ,₹424
645,645,Golden Cow Ghee,500 g ,₹1230.5
646,646,Sunflower Seeds,5x1 kg - Multipack,₹100
647,647,Hing Powder - Yellow,3x200 g - Multipack,₹190
648,648,Rajma/Capparadavare - Red,100 g ,₹197
649,649,Active - Goodness Of Olive Oil,100 g - Carton,₹1237
650,650,Cloves/Lavanga,10 kg ,₹33
651,651,GTS Original Vada Colum Raw Rice,1000 ml - Pouch,₹2760.8
652,652,Coconut Milk - UHT Natural,1 kg ,₹320
653,653,Horse Gram/Hurali Kaalu,1 kg ,₹31
654,654,Refined Sunflower Oil,200 g - Pouch,₹613.79
655,655,100% Pure California Almonds - Whole,1 kg ,₹237.74
656,656,Kabuli Chana,2 x 1 kg - Multipack,₹295.2
657,657,Turmeric Powder,1 kg ,₹72.09
658,658,Chilli Powder,2x100 g - Multipack,₹223.5
659,659,"Premium Cow Ghee, 500ml - For Better Digestion and Immunity",3x500 g - Multipack,₹722.5
660,660,Organic - Cardamom/Elaichi Black,500 g - Pouch,₹49
661,661,"Chilli - Kashmiri, Stemless",2 x 1 L - Multipack,₹471
662,662,"Organic - Urad Dal/Uddina Bele, White (Split), Unpolished",500 g ,₹202
663,663,Organic - Cloves,3 L - Tin,₹198
664,664,"Walnuts - Kernels, Deluxe 100% Natural Kashmiri",50 g ,₹680
665,665,Cow Ghee/Tuppa,1 kg ,₹2925
666,666,Medium Poha,1 kg - Pillow Pouch,₹86.24
667,667,100% Natural Premium Whole Cashews Nuts,2 kg ,₹565.75
668,668,Ponni Boiled Rice/Kusubalakki - Super Premium,2 X 1 ltr - Multipack,₹375
669,669,Pureit Refined Sunflower Oil,500 g ,₹620.2
670,670,Raw Peanut,500 g ,₹400.2
671,671,Ragi Flour/Ragi Hittu,3 x 1 L - Multipack,₹66
672,672,"Olive Pomace Oil - Cholesterol & Trans Fat-Free, For Cooking, Deep Frying",1 kg ,₹556
673,673,Salt/Uppu - Crystal,1 L ,₹18.27
674,674,Ponni Raw Rice/Akki - Super Premium,1 kg ,₹385
675,675,Steam Rice - Kolam,100 g - Carton,₹691
676,676,Extra Virgin Olive Oil,500 g ,₹5798.95
677,677,Refined Sunflower Oil,1 kg ,₹556.07
678,678,Palakkad Red Matta Boiled Rice,200 g ,₹60
679,679,Maida,200 g - Pouch,₹91
680,680,Organic Cumin Whole,1 kg ,₹288
681,681,Green Pumpkin Seeds/Kumbalakayi Bija,5 kg ,₹100
682,682,Premium Aromatic Govind Bhog Rice,3 x 1 L - Multipack,₹717.36
683,683,Flax Seeds,100 gm ,₹44
684,684,Basmati Rice/Basmati Akki - Rozana,1 kg - Pouch,₹469.2
685,685,Palakadan Unda Matta Rice,1 L ,₹642.2
686,686,Baskati Rice,200 g ,₹1785
687,687,Pure & Unrefined Cold Pressed Virgin Coconut Oil,500 g ,₹573.18
688,688,"Roasted Chana - With Skin, Whole",5x1 kg - Multipack,₹90
689,689,Unpolished Urad Dal,3x200 g - Multipack,₹244.02
690,690,Dry Copra/ Khopra,100 g ,₹56
691,691,Appam Idiyappam Pathiri,100 g - Carton,₹53.1
692,692,Heart Oil - Vegetable,10 kg ,₹424
693,693,Golden Cow Ghee,1000 ml - Pouch,₹1230.5
694,694,Sunflower Seeds,1 kg ,₹100
695,695,Hing Powder - Yellow,1 kg ,₹190
696,696,Rajma/Capparadavare - Red,200 g - Pouch,₹197
697,697,Active - Goodness Of Olive Oil,1 kg ,₹1237
698,698,Cloves/Lavanga,2 x 1 kg - Multipack,₹33
699,699,GTS Original Vada Colum Raw Rice,1 kg ,₹2760.8
700,700,Coconut Milk - UHT Natural,2x100 g - Multipack,₹320
701,701,Horse Gram/Hurali Kaalu,3x500 g - Multipack,₹31
702,702,Refined Sunflower Oil,500 g - Pouch,₹613.79
703,703,100% Pure California Almonds - Whole,2 x 1 L - Multipack,₹237.74
704,704,Coriander Seeds/Kottambari Beeja,500 g ,₹108
705,705,Desiccated Coconut Powder,3 L - Tin,₹164
706,706,Soya Health Refined Soyabean Oil,50 g ,₹343.5
707,707,Rice/Akki - Jeera/Jeeraga Samba,1 kg ,₹85.6
708,708,"100% Natural & Pure Gingelly Oil - Unrefined, Wood Cold-Pressed",1 kg - Pillow Pouch,₹460
709,709,Organic - Red Poha Medium,2 kg ,₹114
710,710,Corn Starch,2 X 1 ltr - Multipack,₹29
711,711,Roasted Sooji - Pesticide Free,1 kg - Pouch,₹45
712,712,Sooji Ordinary/Bombay Rava,200 g ,₹45
713,713,Organic - Quinoa,2x500 ml - Multipack,₹46
714,714,Sambar Powder,200 g ,₹104.4
715,715,Organic Rajma/Capparadavare Chitra,2 x 5 kg - Multipack,₹206
716,716,Sona Masoori Boiled Rice,1 kg - Pouch,₹284
717,717,Refined Sunflower Oil,1000 ml - Pouch,₹322.88
718,718,Organic - Puffed Rice/Kadle Puri,200 g - Pouch,₹45
719,719,Garam Masala Powder with Natural Oils Rich Aroma & Flavour,500 g - Pouch,₹80.96
720,720,Basmati Rice/Basmati Akki - Pulav,500 g ,₹138.68
721,721,Pomace Olive Oil - For All Types Of Cooking,1 kg ,₹471.53
722,722,Organic Kasuri Methi,2 kg ,₹94.4
723,723,"Pista - Irani, Roasted & Salted",500 g - Pouch,₹680
724,724,7 Grain Atta/Multigrain,500 g ,₹410.85
725,725,Oregano Pizza Seasoning,2x100 g - Multipack,₹10
726,726,Hommade - Tomato Puree,200 g ,₹77.79
727,727,Ananas Flower/Ananas Huvu,200 g ,₹143
728,728,Powder - Black Pepper,500 ml ,₹152
729,729,White Poha - Thin,1 kg ,₹62.72
730,730,Organic - Rice/Akki Surti Kolam,100 g ,₹999
731,731,Buffalo Ghee/Tuppa - Special Grade with Milk Fat,300 g - Tub,₹615.24
732,732,Organic Jaggery Powder,4x500 g - Multipack,₹169.75
733,733,Organic Fried Gram/Huri Kadale,2 kg ,₹153
734,734,Xpert Pro Immunity Oil,1 L - Glass Bottle,₹150
735,735,Moth/Patanga Huruli - Whole,1 kg - Jar,₹31
736,736,"Organic - Urad Dal/Uddina Bele, Black (Split)",5 kg ,₹183
737,737,Arhar/Toor Dal,2 x 1 kg - Multipack,₹613.2
738,738,Kabuli Chana/Kabuli Kadale,5 L - Jar,₹152
739,739,Mustard Big,1 L - Bottle,₹53.2
740,740,Jaggery Powder,1 kg ,₹270
741,741,Corn Flour/ Starch,250 g - Pouch,₹38
742,742,Pure Cow Ghee,500 g - Pouch,₹1342.08
743,743,Roasted & Salted Californian Pistachios,500 g - Pouch,₹740
744,744,Olive Pomace Oil,200 g ,₹1424.74
745,745,Fennel/Saunf/Sompu - Small,5 kg - Pouch,₹22
746,746,Organic - Kodo Millet/Varagu Rice,1 kg - Pillow Pouch,₹127
747,747,Samba Wheat Broken - Fine,1 kg - Pouch,₹117
748,748,Double Roasted Rava,1 kg - Pouch,₹94.5
749,749,Organic - Flax Seeds,200 g ,₹387
750,750,Rice Bran Oil - Physically Refined,2x500 ml - Multipack,₹231
751,751,Organic - Cashew/Godambi Broken,200 g ,₹115
752,752,Coriander Seeds/Kottambari Beeja,2 x 5 kg - Multipack,₹108
753,753,Desiccated Coconut Powder,1 kg - Pouch,₹164
754,754,Soya Health Refined Soyabean Oil,1000 ml - Pouch,₹343.5
755,755,Rice/Akki - Jeera/Jeeraga Samba,200 g - Pouch,₹85.6
756,756,"100% Natural & Pure Gingelly Oil - Unrefined, Wood Cold-Pressed",500 g - Pouch,₹460
757,757,Organic - Red Poha Medium,500 g ,₹114
758,758,Corn Starch,1 kg ,₹29
759,759,Roasted Sooji - Pesticide Free,2 kg ,₹45
760,760,Sooji Ordinary/Bombay Rava,500 g - Pouch,₹45
761,761,Organic - Quinoa,500 g ,₹46
762,762,Sambar Powder,2x100 g - Multipack,₹104.4
763,763,Organic Rajma/Capparadavare Chitra,200 g ,₹206
764,764,Sona Masoori Boiled Rice,200 g ,₹284
765,765,Refined Sunflower Oil,500 ml ,₹322.88
766,766,Organic - Puffed Rice/Kadle Puri,1 kg ,₹45
767,767,Garam Masala Powder with Natural Oils Rich Aroma & Flavour,100 g ,₹80.96
768,768,Basmati Rice/Basmati Akki - Pulav,300 g - Tub,₹138.68
769,769,Pomace Olive Oil - For All Types Of Cooking,4x500 g - Multipack,₹471.53
770,770,Organic Kasuri Methi,2 kg ,₹94.4
771,771,"Pista - Irani, Roasted & Salted",1 L - Glass Bottle,₹680
772,772,7 Grain Atta/Multigrain,1 kg - Jar,₹410.85
773,773,Oregano Pizza Seasoning,5 kg ,₹10
774,774,Hommade - Tomato Puree,2 x 1 kg - Multipack,₹77.79
775,775,Ananas Flower/Ananas Huvu,5 L - Jar,₹143
776,776,Powder - Black Pepper,1 L - Bottle,₹152
777,777,White Poha - Thin,1 kg ,₹62.72
778,778,Organic - Rice/Akki Surti Kolam,250 g - Pouch,₹999
779,779,Buffalo Ghee/Tuppa - Special Grade with Milk Fat,500 g - Pouch,₹615.24
780,780,Organic Jaggery Powder,500 g - Pouch,₹169.75
781,781,Organic Fried Gram/Huri Kadale,200 g ,₹153
782,782,Xpert Pro Immunity Oil,5 kg - Pouch,₹150
783,783,Moth/Patanga Huruli - Whole,1 kg - Pillow Pouch,₹31
784,784,"Organic - Urad Dal/Uddina Bele, Black (Split)",1 kg - Pouch,₹183
785,785,Arhar/Toor Dal,0,₹613.2
786,786,Kabuli Chana/Kabuli Kadale,0,₹152
787,787,Mustard Big,0,₹53.2
788,788,Jaggery Powder,0,₹270
789,789,Corn Flour/ Starch,0,₹38
790,790,Pure Cow Ghee,0,₹1342.08
791,791,Roasted & Salted Californian Pistachios,0,₹740
792,792,Olive Pomace Oil,0,₹1424.74
793,793,Fennel/Saunf/Sompu - Small,0,₹22
794,794,Organic - Kodo Millet/Varagu Rice,0,₹127
795,795,Samba Wheat Broken - Fine,0,₹117
796,796,Double Roasted Rava,0,₹94.5
797,797,Organic - Flax Seeds,0,₹387
798,798,Rice Bran Oil - Physically Refined,0,₹231
799,799,Organic - Cashew/Godambi Broken,0,₹115
800,800,Red Chilli Powder/Menasina Pudi,0,₹476.25
801,801,Chilli - Cherry/Gundu With Stem,0,₹128
802,802,Olive Oil - Extra Virgin,0,₹2000
803,803,Soya Chunks,0,₹27
804,804,"Gold Atta - 100% MP Sharbati Wheat, 12-Hour Softness, High Fibre Atta",0,₹562
805,805,Organic Dal - Green Moong Whole//Hesaru Kaalu,0,₹250
806,806,Active Oil - Pro Weight Watchers,0,₹626
807,807,Khus Khus/Posta Dana,0,₹184
808,808,Gingelly Oil - Tilnad 100% Pure,0,₹389
809,809,Organic Desi Cow Ghee - Rich Aroma,0,₹689
810,810,Prasadam Makhana/Fox Nuts,0,₹497.42
811,811,Refined Rice Bran Oil,0,₹113.14
812,812,"Dry Dates/Kharjura - Chuwara, Kharik",0,₹88
813,813,Chilli Powder/Menasina Pudi - Stemless,0,₹190
814,814,Oil - Mustard (Kachi Ghani),0,₹168
815,815,Chia Seeds,0,₹230
816,816,Natural Jaggery/Bella Powder,0,₹107.1
817,817,Refined Sunflower Oil,0,₹125.42
818,818,Organic - Barnyard Millet/Kudiraivali Rice,0,₹388
819,819,Coriander Powder,0,₹142.5
820,820,Misri - Diamond Sugar,0,₹72
821,821,"Chicken Masala - Perfect Colour, Smell & Taste",0,₹107
822,822,Organic - Saunf/Sompu,0,₹52.8
823,823,Organic - Walnut Premium,0,₹271
824,824,Organic Cold Pressed Coconut Oil,0,₹325
825,825,Bombay Sooji,0,₹73.5
826,826,"Organic - Green Moong Dal/Dal, Split",0,₹149
827,827,Organic - Coriander Powder,0,₹25
828,828,Royal Long Grain Banskati Rice,0,₹499.59
829,829,Tamarind Paste,0,₹71.44
830,830,Sugar - Low GI,0,₹195
831,831,Moong Dal,0,₹290
832,832,Extra Virgin Olive Oil,0,₹1225
833,833,"Govind Bhog Rice/Akki - Premium, Aromatic",0,₹150.94
834,834,Basmati Rice/Basmati Akki - Brown (Quick Cooking),0,₹166.62
835,835,Kutilal Coarse Ground Chilli Powder,0,₹60
836,836,Surti Kolam Raw Rice/Akki,0,₹237
837,837,Brown Sugar,0,₹249
838,838,Total Refined Cooking Oil,0,₹979
839,839,Premium Kachi Ghani Mustard Oil,0,₹161.5
840,840,Organic Broken Wheat/Daliya,0,₹87
841,841,"Sambar Powder - 100% Natural, Spice Blend, No Preservatives",0,₹113.85
842,842,Bajra,0,₹35
843,843,Salted Puffed Rice/Kadle Puri/Murmure,0,₹65
844,844,Organic - Byadagi Chilli Whole,0,₹114
845,845,"Basmati Rice/Basmati Akki - Extra Long, Gold",0,₹862.8
846,846,Rice Puttupodi,0,₹110
847,847,Poha/Avalakki/Aval/Chivda - Thin White Poha,0,₹69
848,848,Red Chilli Powder/Menasina Pudi,0,₹476.25
849,849,Chilli - Cherry/Gundu With Stem,0,₹128
850,850,Olive Oil - Extra Virgin,0,₹2000
851,851,Soya Chunks,0,₹27
852,852,"Gold Atta - 100% MP Sharbati Wheat, 12-Hour Softness, High Fibre Atta",0,₹562
853,853,Organic Dal - Green Moong Whole//Hesaru Kaalu,0,₹250
854,854,Active Oil - Pro Weight Watchers,0,₹626
855,855,Khus Khus/Posta Dana,0,₹184
856,856,Gingelly Oil - Tilnad 100% Pure,0,₹389
857,857,Organic Desi Cow Ghee - Rich Aroma,0,₹689
858,858,Prasadam Makhana/Fox Nuts,0,₹497.42
859,859,Refined Rice Bran Oil,0,₹113.14
860,860,"Dry Dates/Kharjura - Chuwara, Kharik",0,₹88
861,861,Chilli Powder/Menasina Pudi - Stemless,0,₹190
862,862,Oil - Mustard (Kachi Ghani),0,₹168
863,863,Chia Seeds,0,₹230
864,864,Natural Jaggery/Bella Powder,0,₹107.1
865,865,Refined Sunflower Oil,0,₹125.42
866,866,Organic - Barnyard Millet/Kudiraivali Rice,0,₹388
867,867,Coriander Powder,0,₹142.5
868,868,Misri - Diamond Sugar,0,₹72
869,869,"Chicken Masala - Perfect Colour, Smell & Taste",0,₹107
870,870,Organic - Saunf/Sompu,0,₹52.8
871,871,Organic - Walnut Premium,0,₹271
872,872,Organic Cold Pressed Coconut Oil,0,₹325
873,873,Bombay Sooji,0,₹73.5
874,874,"Organic - Green Moong Dal/Dal, Split",0,₹149
875,875,Organic - Coriander Powder,0,₹25
876,876,Royal Long Grain Banskati Rice,0,₹499.59
877,877,Tamarind Paste,0,₹71.44
878,878,Sugar - Low GI,0,₹195
879,879,Moong Dal,0,₹290
880,880,Extra Virgin Olive Oil,0,₹1225
881,881,"Govind Bhog Rice/Akki - Premium, Aromatic",0,₹150.94
882,882,Basmati Rice/Basmati Akki - Brown (Quick Cooking),0,₹166.62
883,883,Kutilal Coarse Ground Chilli Powder,0,₹60
884,884,Surti Kolam Raw Rice/Akki,0,₹237
885,885,Brown Sugar,0,₹249
886,886,Total Refined Cooking Oil,0,₹979
887,887,Premium Kachi Ghani Mustard Oil,0,₹161.5
888,888,Organic Broken Wheat/Daliya,0,₹87
889,889,"Sambar Powder - 100% Natural, Spice Blend, No Preservatives",0,₹113.85
890,890,Bajra,0,₹35
891,891,Salted Puffed Rice/Kadle Puri/Murmure,0,₹65
892,892,Organic - Byadagi Chilli Whole,0,₹114
893,893,"Basmati Rice/Basmati Akki - Extra Long, Gold",0,₹862.8
894,894,Rice Puttupodi,0,₹110
895,895,Poha/Avalakki/Aval/Chivda - Thin White Poha,0,₹69
896,0,Cooking Butter - Unsalted,2x500 g - Multipack,₹610
897,1,Probiotic Curd,4x200 g - Multipack,₹138
898,2,Probiotic Curd,4x200 g - Multipack,₹104
899,3,Curd/Dahi,450 ml - Pouch,₹90
900,4,Premium Curd,400 g - Tin,₹96
901,5,Daily Health Toned Milk,4x100 g - Multipack,₹30
902,6,Moti Homogenised Toned Milk,100 g - Carton,₹33
903,7,Full Cream Milk,200 g - Pouch,₹35
904,8,Sweetened Condensed Milk Mithai Mate,2x100 g - Multipack,₹123
905,9,Fruit Yoghurt - Blueberry,3x1 L - Multipack,₹120
906,10,Garlic & Herbs Buttery Spread,1 kg - Carton,₹62
907,11,Cheese Slices,4x200 ml - Multi Pack,₹107.5
908,12,Organic Curd,2x1 L - Multipack,₹23
909,13,Natural Feta Cheese Block,480 g - Pouch,₹217.99
910,14,Soya Drink Sugar Free,6x85 g - Multipack,₹441.75
911,15,Processed Cheese Block,6x85 g - Multipack,₹535
912,16,Fruit Yoghurt - Mango,200 g,₹30
913,17,Coconut Milk - UHT Natural,2x1 L - Multipack,₹320
914,18,Plant-Based Soy Beverage - Unsweetened,4 x 1 L - Multipack,₹266.8
915,19,Fruit Yoghurt - Strawberry,400 g - Pack of 4,₹30
916,20,Cheese Slice,200 g - Pouch,₹245
917,21,"Greek Yogurt - Strawberry, High In Protein, No Preservatives",6x1 L - Multipack,₹276
918,22,"Greek Yogurt - Blueberry, High In Protein, No Preservatives",2x400 g - Multipack,₹306
919,23,"Cream Cheese - Natural & Fresh, Smooth & Creamy, No Added Preservatives",6x1 L - Multipack,₹149
920,24,Lassi - Rose Flavour,6x85 g - Multipack,₹169.2
921,25,Organic Slim Milk,4x65 ml - Multipack,₹513
922,26,"Greek Yogurt - Natural, Low Fat",2x1 kg - Multipack,₹880
923,27,Slim Dahi - Low-Fat Curd,6x85 g - Multipack,₹72.25
924,28,Pizza Chesse Mozzarella,3x200 g - Multipack,₹135
925,29,Amrutha A2 Organic Curd,3x1 L - Multipack,₹70
926,30,Milk - Double Toned,6x180 ml - Multipack,₹338.01
927,31,"Curd - Set, Artisanal, Organic",400 g - (20 pcs),₹160
928,32,"Almond Milk - Unsweetened, Dairy Free",12x1 L - Multipack,₹1170
929,33,"Greek Yogurt - Alphonso Mango, High In Protein, No Preservatives",2x150 g - Multipack,₹306
930,34,Probiotic Fermented Milk Drink - Light,2x500 g - Multipack,₹400
931,35,Fresh Cream,4x200 g - Multipack,₹68
932,36,Curd,4x200 g - Multipack,₹214
933,37,"Greek Yogurt - Vanilla Bean, High In Protein, No Preservatives",450 ml - Pouch,₹306
934,38,Natural Cheddar Cheese Block,400 g - Tin,₹185
935,39,"Cooking Butter - Unsalted, Organic, Tub",4x100 g - Multipack,₹659.99
936,40,Soya Drink Vanilla,100 g - Carton,₹437.1
937,41,Chocolate Flavor Milkshake,200 g - Pouch,₹218.88
938,42,Processed Cheese Slices,2x100 g - Multipack,₹219
939,43,Slim Skimmed Milk,3x1 L - Multipack,₹960
940,44,Malai Paneer,1 kg - Carton,₹435
941,45,Cream Cheese,4x200 ml - Multi Pack,₹360
942,46,Parmesan Cheese,2x1 L - Multipack,₹475
943,47,"Ultimate Malai Paneer - Fresh, High Protein",480 g - Pouch,₹85
944,48,Cooking Butter - Unsalted,6x85 g - Multipack,₹610
945,49,Probiotic Curd,6x85 g - Multipack,₹138
946,50,Probiotic Curd,200 g,₹104
947,51,Curd/Dahi,2x1 L - Multipack,₹90
948,52,Premium Curd,4 x 1 L - Multipack,₹96
949,53,Daily Health Toned Milk,400 g - Pack of 4,₹30
950,54,Moti Homogenised Toned Milk,200 g - Pouch,₹33
951,55,Full Cream Milk,6x1 L - Multipack,₹35
952,56,Sweetened Condensed Milk Mithai Mate,2x400 g - Multipack,₹123
953,57,Fruit Yoghurt - Blueberry,6x1 L - Multipack,₹120
954,58,Garlic & Herbs Buttery Spread,6x85 g - Multipack,₹62
955,59,Cheese Slices,4x65 ml - Multipack,₹107.5
956,60,Organic Curd,2x1 kg - Multipack,₹23
957,61,Natural Feta Cheese Block,6x85 g - Multipack,₹217.99
958,62,Soya Drink Sugar Free,3x200 g - Multipack,₹441.75
959,63,Processed Cheese Block,3x1 L - Multipack,₹535
960,64,Fruit Yoghurt - Mango,6x180 ml - Multipack,₹30
961,65,Coconut Milk - UHT Natural,400 g - (20 pcs),₹320
962,66,Plant-Based Soy Beverage - Unsweetened,12x1 L - Multipack,₹266.8
963,67,Fruit Yoghurt - Strawberry,2x150 g - Multipack,₹30
964,68,Cheese Slice,0,₹245
965,69,"Greek Yogurt - Strawberry, High In Protein, No Preservatives",0,₹276
966,70,"Greek Yogurt - Blueberry, High In Protein, No Preservatives",0,₹306
967,71,"Cream Cheese - Natural & Fresh, Smooth & Creamy, No Added Preservatives",0,₹149
968,72,Lassi - Rose Flavour,0,₹169.2
969,73,Organic Slim Milk,0,₹513
970,74,"Greek Yogurt - Natural, Low Fat",0,₹880
971,75,Slim Dahi - Low-Fat Curd,0,₹72.25
972,76,Pizza Chesse Mozzarella,0,₹135
973,77,Amrutha A2 Organic Curd,0,₹70
974,78,Milk - Double Toned,0,₹338.01
975,79,"Curd - Set, Artisanal, Organic",0,₹160
976,80,"Almond Milk - Unsweetened, Dairy Free",0,₹1170
977,81,"Greek Yogurt - Alphonso Mango, High In Protein, No Preservatives",0,₹306
978,82,Probiotic Fermented Milk Drink - Light,0,₹400
979,83,Fresh Cream,0,₹68
980,84,Curd,0,₹214
981,85,"Greek Yogurt - Vanilla Bean, High In Protein, No Preservatives",0,₹306
982,86,Natural Cheddar Cheese Block,0,₹185
983,87,"Cooking Butter - Unsalted, Organic, Tub",0,₹659.99
984,88,Soya Drink Vanilla,0,₹437.1
985,89,Chocolate Flavor Milkshake,0,₹218.88
986,90,Processed Cheese Slices,0,₹219
987,91,Slim Skimmed Milk,0,₹960
988,92,Malai Paneer,0,₹435
989,93,Cream Cheese,0,₹360
990,94,Parmesan Cheese,0,₹475
991,95,"Ultimate Malai Paneer - Fresh, High Protein",0,₹85
992,0,Zespri Kiwi - Sun Gold,1 kg,₹243
993,1,Mosambi - Premium (Loose),2x4 pcs - Multipack,₹57.5
994,2,"Dates - Kimia, with Seed",1 kg,₹232
995,3,Potato - Red (Loose),1 kg,₹49
996,4,"Capsicum - Red, Organically Grown (Loose)",1 kg,₹54.5
997,5,"Apple - Fuji, Regular",2x4 pcs - Multipack,₹377.99
998,6,Malgoa Mango,2 pcs,₹246.58
999,7,Baby Corn - Peeled,1 kg,₹334
1000,8,Pumpkin - Organically Grown (Loose),1 kg,₹125
1001,9,Lettuce - Green,500 g,₹256
1002,10,Groundnut - Fresh (Loose),3 kg - Combo,₹138
1003,11,Ash Gourd (Loose),1 kg - Pouch,₹86
1004,12,"Apple - Red Delicious / Washington, Premium",1 kg,₹638.01
1005,13,"Banana - Robusta, Organically Grown",1 kg,₹50
1006,14,Mangosteen,1 kg,₹135
1007,15,Lalbagh Mango - Sindhura,1 kg,₹103
1008,16,Fresh Figs,1 kg,₹276
1009,17,Mallika Mango,1 Kg,₹110
1010,18,Chrysanthemum/Shevanti Flower,1 kg,₹173
1011,19,Guava - Pink,1 kg,₹56
1012,20,Ash Gourd - Cut,1 kg,₹53
1013,21,Mango - Banganpalli,1 kg,₹593.99
1014,22,Frozen Sweet Corn,1 Kg,₹149
1015,23,Sambar Onion - Peeled (Small Onion),1 kg,₹38
1016,24,Baby Banana - Robusta,1 kg,₹37
1017,25,Dill Leaves,2x4 pcs - Multipack,₹114
1018,26,Zucchini - Green,1 kg,₹75
1019,27,"Capsicum - Yellow, Organically Grown (Loose)",1 kg,₹54.5
1020,28,Marigold Flower - Orange,1 kg,₹92
1021,29,Mosambi (Loose),2x4 pcs - Multipack,₹72
1022,30,Knol Khol (Loose),2 pcs,₹57.33
1023,31,Baby Corn - Unpeeled (Loose),1 kg,₹48
1024,32,Tinda (Loose),1 kg,₹88
1025,33,Papaya - Large,500 g,₹71
1026,34,"Amaranthus - Green Cleaned, without roots",3 kg - Combo,₹120
1027,35,Coconut - With Husk,1 kg - Pouch,₹35
1028,36,Banana - Karpooravalli,1 kg,₹114
1029,37,Ooty Chow Chow,1 kg,₹68
1030,38,Banana - Poovan,1 kg,₹96
1031,39,Kesar Mango,1 kg,₹813.7
1032,40,Totapuri Mango,1 kg,₹127
1033,41,Muskmelon - Striped,1 Kg,₹55
1034,42,"Gongura Leaves/Pulicha - Cleaned, without roots",1 kg,₹154
1035,43,Basale Leaf,1 kg,₹219.96
1036,44,Banana Leaf,1 kg,₹43
1037,45,Mango - Alphonso/Ratnagiri,1 kg,₹31
1038,46,Banana Stem - Organically Grown (Loose),1 Kg,₹228
1039,47,"Apple - Washington, Premium",1 kg,₹243
1040,48,Zespri Kiwi - Sun Gold,0,₹57.5
1041,49,Mosambi - Premium (Loose),0,₹232
1042,50,"Dates - Kimia, with Seed",0,₹49
1043,51,Potato - Red (Loose),0,₹54.5
1044,52,"Capsicum - Red, Organically Grown (Loose)",0,₹377.99
1045,53,"Apple - Fuji, Regular",0,₹246.58
1046,54,Malgoa Mango,0,₹334
1047,55,Baby Corn - Peeled,0,₹125
1048,56,Pumpkin - Organically Grown (Loose),0,₹256
1049,57,Lettuce - Green,0,₹138
1050,58,Groundnut - Fresh (Loose),0,₹86
1051,59,Ash Gourd (Loose),0,₹638.01
1052,60,"Apple - Red Delicious / Washington, Premium",0,₹50
1053,61,"Banana - Robusta, Organically Grown",0,₹135
1054,62,Mangosteen,0,₹103
1055,63,Lalbagh Mango - Sindhura,0,₹276
1056,64,Fresh Figs,0,₹110
1057,65,Mallika Mango,0,₹173
1058,66,Chrysanthemum/Shevanti Flower,0,₹56
1059,67,Guava - Pink,0,₹53
1060,68,Ash Gourd - Cut,0,₹593.99
1061,69,Mango - Banganpalli,0,₹149
1062,70,Frozen Sweet Corn,0,₹38
1063,71,Sambar Onion - Peeled (Small Onion),0,₹37
1064,72,Baby Banana - Robusta,0,₹114
1065,73,Dill Leaves,0,₹75
1066,74,Zucchini - Green,0,₹54.5
1067,75,"Capsicum - Yellow, Organically Grown (Loose)",0,₹92
1068,76,Marigold Flower - Orange,0,₹72
1069,77,Mosambi (Loose),0,₹57.33
1070,78,Knol Khol (Loose),0,₹48
1071,79,Baby Corn - Unpeeled (Loose),0,₹88
1072,80,Tinda (Loose),0,₹71
1073,81,Papaya - Large,0,₹120
1074,82,"Amaranthus - Green Cleaned, without roots",0,₹35
1075,83,Coconut - With Husk,0,₹114
1076,84,Banana - Karpooravalli,0,₹68
1077,85,Ooty Chow Chow,0,₹96
1078,86,Banana - Poovan,0,₹813.7
1079,87,Kesar Mango,0,₹127
1080,88,Totapuri Mango,0,₹55
1081,89,Muskmelon - Striped,0,₹154
1082,90,"Gongura Leaves/Pulicha - Cleaned, without roots",0,₹219.96
1083,91,Basale Leaf,0,₹43
1084,92,Banana Leaf,0,₹31
1085,93,Mango - Alphonso/Ratnagiri,0,₹228
1086,94,Banana Stem - Organically Grown (Loose),0,0
1087,95,"Apple - Washington, Premium",0,0
